-- E-002:S1 — Seed data: 테스트 조직 + 프로젝트
-- NOTE: seed 실행 시 auth.uid()가 없으므로 bootstrap trigger는 스킵됨.
--       org_members는 아래에서 직접 삽입.

-- 테스트 조직
INSERT INTO public.organizations (id, name, slug, plan)
VALUES (
  '00000000-0000-0000-0000-000000000001',
  'Moonklabs',
  'moonklabs',
  'pro'
) ON CONFLICT (slug) DO NOTHING;

-- 테스트 프로젝트
INSERT INTO public.projects (id, org_id, name, description)
VALUES (
  '00000000-0000-0000-0000-000000000101',
  '00000000-0000-0000-0000-000000000001',
  'Sprintable MVP',
  'Sprintable Phase 0 개발 프로젝트'
) ON CONFLICT DO NOTHING;

-- 테스트 auth users (Supabase seed용 — auth.users 직접 삽입)
INSERT INTO auth.users (id, instance_id, email, encrypted_password, email_confirmed_at, aud, role, raw_app_meta_data, raw_user_meta_data, created_at, updated_at, confirmation_token)
VALUES
  ('00000000-0000-0000-0000-000000000011', '00000000-0000-0000-0000-000000000000', 'test-owner@sprintable.dev', crypt('testpassword123', gen_salt('bf')), now(), 'authenticated', 'authenticated', '{"provider":"email","providers":["email"]}'::jsonb, '{"name":"송윤재"}'::jsonb, now(), now(), ''),
  ('00000000-0000-0000-0000-000000000012', '00000000-0000-0000-0000-000000000000', 'test-admin@sprintable.dev', crypt('testpassword123', gen_salt('bf')), now(), 'authenticated', 'authenticated', '{"provider":"email","providers":["email"]}'::jsonb, '{"name":"윤도선"}'::jsonb, now(), now(), '')
ON CONFLICT (id) DO NOTHING;

-- 테스트 org_members
INSERT INTO public.org_members (org_id, user_id, role)
VALUES
  ('00000000-0000-0000-0000-000000000001', '00000000-0000-0000-0000-000000000011', 'owner'),
  ('00000000-0000-0000-0000-000000000001', '00000000-0000-0000-0000-000000000012', 'admin')
ON CONFLICT (org_id, user_id) DO NOTHING;

-- 테스트 team_members (사람 2명 + 에이전트 1명)
INSERT INTO public.team_members (id, project_id, org_id, type, user_id, name, role, agent_config)
VALUES
  -- 사람 1: 송윤재 (owner)
  (
    '00000000-0000-0000-0000-000000000202',
    '00000000-0000-0000-0000-000000000101',
    '00000000-0000-0000-0000-000000000001',
    'human',
    '00000000-0000-0000-0000-000000000011',
    '송윤재',
    'owner',
    NULL
  ),
  -- 사람 2: 윤도선 (admin)
  (
    '00000000-0000-0000-0000-000000000203',
    '00000000-0000-0000-0000-000000000101',
    '00000000-0000-0000-0000-000000000001',
    'human',
    '00000000-0000-0000-0000-000000000012',
    '윤도선',
    'admin',
    NULL
  ),
  -- 에이전트: Sprint Bot
  (
    '00000000-0000-0000-0000-000000000201',
    '00000000-0000-0000-0000-000000000101',
    '00000000-0000-0000-0000-000000000001',
    'agent',
    NULL,
    'Sprint Bot',
    'assistant',
    '{"provider": "openai", "model": "gpt-4o", "description": "스프린트 관리 에이전트"}'::jsonb
  )
ON CONFLICT DO NOTHING;

-- ============================================================
-- 내장 페르소나 시드 데이터 (S450)
-- ============================================================
-- Sprint Bot 에이전트용 내장 페르소나 4종
INSERT INTO public.agent_personas (id, org_id, project_id, agent_id, name, slug, description, system_prompt, is_builtin, is_default, created_by)
VALUES
  ('00000000-0000-0000-0000-000000000a01', '00000000-0000-0000-0000-000000000001', '00000000-0000-0000-0000-000000000101', '00000000-0000-0000-0000-000000000201', 'General', 'general', 'General-purpose assistant persona', 'You are a general-purpose project assistant. Help the team with any task.', true, true, NULL),
  ('00000000-0000-0000-0000-000000000a02', '00000000-0000-0000-0000-000000000001', '00000000-0000-0000-0000-000000000101', '00000000-0000-0000-0000-000000000201', 'Product Owner', 'product-owner', 'Product-oriented planning and prioritization persona', 'You are a product owner. Focus on requirements, priorities, and stakeholder alignment.', true, false, NULL),
  ('00000000-0000-0000-0000-000000000a03', '00000000-0000-0000-0000-000000000001', '00000000-0000-0000-0000-000000000101', '00000000-0000-0000-0000-000000000201', 'Developer', 'developer', 'Development-focused implementation persona', 'You are a developer. Focus on implementation, code quality, and technical decisions.', true, false, NULL),
  ('00000000-0000-0000-0000-000000000a04', '00000000-0000-0000-0000-000000000001', '00000000-0000-0000-0000-000000000101', '00000000-0000-0000-0000-000000000201', 'QA', 'qa', 'Quality assurance and testing persona', 'You are a QA engineer. Focus on test coverage, edge cases, and quality assurance.', true, false, NULL)
ON CONFLICT DO NOTHING;

-- ============================================================
-- PM 코어 시드 데이터 (E-002:S3)
-- ============================================================

-- 스프린트 1개
INSERT INTO public.sprints (id, org_id, project_id, title, status, start_date, end_date, velocity, team_size)
VALUES (
  '00000000-0000-0000-0000-000000000301',
  '00000000-0000-0000-0000-000000000001',
  '00000000-0000-0000-0000-000000000101',
  'Sprint 1 — Phase 0 Foundation',
  'active',
  '2026-03-31',
  '2026-04-14',
  20,
  3
) ON CONFLICT DO NOTHING;

-- 에픽 2개
INSERT INTO public.epics (id, org_id, project_id, title, status, priority, description)
VALUES
  ('00000000-0000-0000-0000-000000000401', '00000000-0000-0000-0000-000000000001', '00000000-0000-0000-0000-000000000101', 'E-001: 프로젝트 셋업', 'open', 'high', '모노레포 초기화, CI, 배포'),
  ('00000000-0000-0000-0000-000000000402', '00000000-0000-0000-0000-000000000001', '00000000-0000-0000-0000-000000000101', 'E-002: DB 스키마', 'open', 'high', '코어 테이블, PM 테이블, Supabase 연동')
ON CONFLICT DO NOTHING;

-- 스토리 5개
INSERT INTO public.stories (id, org_id, project_id, epic_id, sprint_id, assignee_id, title, status, priority, story_points)
VALUES
  ('00000000-0000-0000-0000-000000000501', '00000000-0000-0000-0000-000000000001', '00000000-0000-0000-0000-000000000101', '00000000-0000-0000-0000-000000000401', '00000000-0000-0000-0000-000000000301', '00000000-0000-0000-0000-000000000202', 'Monorepo 초기화', 'done', 'high', 3),
  ('00000000-0000-0000-0000-000000000502', '00000000-0000-0000-0000-000000000001', '00000000-0000-0000-0000-000000000101', '00000000-0000-0000-0000-000000000401', '00000000-0000-0000-0000-000000000301', '00000000-0000-0000-0000-000000000202', 'GitHub Actions CI', 'done', 'high', 3),
  ('00000000-0000-0000-0000-000000000503', '00000000-0000-0000-0000-000000000001', '00000000-0000-0000-0000-000000000101', '00000000-0000-0000-0000-000000000402', '00000000-0000-0000-0000-000000000301', '00000000-0000-0000-0000-000000000202', '코어 테이블 생성', 'done', 'high', 3),
  ('00000000-0000-0000-0000-000000000504', '00000000-0000-0000-0000-000000000001', '00000000-0000-0000-0000-000000000101', '00000000-0000-0000-0000-000000000402', '00000000-0000-0000-0000-000000000301', '00000000-0000-0000-0000-000000000202', 'team_members 테이블', 'done', 'medium', 2),
  ('00000000-0000-0000-0000-000000000505', '00000000-0000-0000-0000-000000000001', '00000000-0000-0000-0000-000000000101', '00000000-0000-0000-0000-000000000402', '00000000-0000-0000-0000-000000000301', '00000000-0000-0000-0000-000000000202', 'PM 코어 테이블', 'in-progress', 'high', 5)
ON CONFLICT DO NOTHING;

-- 태스크 10개
INSERT INTO public.tasks (id, org_id, story_id, assignee_id, title, status, story_points)
VALUES
  ('00000000-0000-0000-0000-000000000601', '00000000-0000-0000-0000-000000000001', '00000000-0000-0000-0000-000000000501', '00000000-0000-0000-0000-000000000202', 'turbo + pnpm workspace 설정', 'done', 1),
  ('00000000-0000-0000-0000-000000000602', '00000000-0000-0000-0000-000000000001', '00000000-0000-0000-0000-000000000501', '00000000-0000-0000-0000-000000000202', 'Next.js 프로젝트 초기화', 'done', 1),
  ('00000000-0000-0000-0000-000000000603', '00000000-0000-0000-0000-000000000001', '00000000-0000-0000-0000-000000000501', '00000000-0000-0000-0000-000000000202', 'packages/ 구조 생성', 'done', 1),
  ('00000000-0000-0000-0000-000000000604', '00000000-0000-0000-0000-000000000001', '00000000-0000-0000-0000-000000000502', '00000000-0000-0000-0000-000000000202', 'CI 워크플로우 작성', 'done', 2),
  ('00000000-0000-0000-0000-000000000605', '00000000-0000-0000-0000-000000000001', '00000000-0000-0000-0000-000000000502', '00000000-0000-0000-0000-000000000202', '브랜치 보호 설정', 'done', 1),
  ('00000000-0000-0000-0000-000000000606', '00000000-0000-0000-0000-000000000001', '00000000-0000-0000-0000-000000000503', '00000000-0000-0000-0000-000000000202', 'organizations 마이그레이션', 'done', 1),
  ('00000000-0000-0000-0000-000000000607', '00000000-0000-0000-0000-000000000001', '00000000-0000-0000-0000-000000000503', '00000000-0000-0000-0000-000000000202', 'RLS 정책 작성', 'done', 2),
  ('00000000-0000-0000-0000-000000000608', '00000000-0000-0000-0000-000000000001', '00000000-0000-0000-0000-000000000505', '00000000-0000-0000-0000-000000000202', 'sprints/epics 마이그레이션', 'in-progress', 2),
  ('00000000-0000-0000-0000-000000000609', '00000000-0000-0000-0000-000000000001', '00000000-0000-0000-0000-000000000505', '00000000-0000-0000-0000-000000000202', 'stories/tasks 마이그레이션', 'todo', 2),
  ('00000000-0000-0000-0000-000000000610', '00000000-0000-0000-0000-000000000001', '00000000-0000-0000-0000-000000000505', '00000000-0000-0000-0000-000000000201', 'PM RLS 정책', 'todo', 1)
ON CONFLICT DO NOTHING;

-- ============================================================
-- 메모 시드 데이터 (E-002:S4)
-- ============================================================

-- 메모 3개
INSERT INTO public.memos (id, org_id, project_id, memo_type, title, content, created_by, assigned_to, status)
VALUES
  ('00000000-0000-0000-0000-000000000701', '00000000-0000-0000-0000-000000000001', '00000000-0000-0000-0000-000000000101', 'task', 'Supabase 연동 확인', 'Supabase 로컬 연동 테스트 진행 필요', '00000000-0000-0000-0000-000000000201', NULL, 'open'),
  ('00000000-0000-0000-0000-000000000702', '00000000-0000-0000-0000-000000000001', '00000000-0000-0000-0000-000000000101', 'decision', 'DB 스키마 확정', '코어 테이블 + PM 테이블 스키마 확정', '00000000-0000-0000-0000-000000000201', NULL, 'resolved'),
  ('00000000-0000-0000-0000-000000000703', '00000000-0000-0000-0000-000000000001', '00000000-0000-0000-0000-000000000101', 'memo', NULL, 'Sprint 1 킥오프 완료. 2주 스프린트로 진행.', '00000000-0000-0000-0000-000000000201', NULL, 'open')
ON CONFLICT DO NOTHING;

-- 답글 5개
INSERT INTO public.memo_replies (id, memo_id, content, created_by, review_type)
VALUES
  ('00000000-0000-0000-0000-000000000801', '00000000-0000-0000-0000-000000000701', '로컬 Supabase 시작 완료', '00000000-0000-0000-0000-000000000201', 'comment'),
  ('00000000-0000-0000-0000-000000000802', '00000000-0000-0000-0000-000000000701', '마이그레이션 실행 확인', '00000000-0000-0000-0000-000000000201', 'comment'),
  ('00000000-0000-0000-0000-000000000803', '00000000-0000-0000-0000-000000000702', 'APPROVE — 스키마 리뷰 완료', '00000000-0000-0000-0000-000000000201', 'approve'),
  ('00000000-0000-0000-0000-000000000804', '00000000-0000-0000-0000-000000000703', '킥오프 노트 공유 감사', '00000000-0000-0000-0000-000000000201', 'comment'),
  ('00000000-0000-0000-0000-000000000805', '00000000-0000-0000-0000-000000000703', '2주 스프린트 일정 확인', '00000000-0000-0000-0000-000000000201', 'comment')
ON CONFLICT DO NOTHING;

-- ============================================================
-- 알림 시드 데이터 (E-002:S5)
-- ============================================================
-- user_id는 human team_member를 대상으로 (202=송윤재, 203=윤도선)
INSERT INTO public.notifications (id, org_id, user_id, type, title, body, is_read, reference_type, reference_id)
VALUES
  ('00000000-0000-0000-0000-000000000901', '00000000-0000-0000-0000-000000000001', '00000000-0000-0000-0000-000000000202', 'info', 'Sprint 1 시작', 'Sprint 1 — Phase 0 Foundation이 시작되었습니다.', false, 'sprint', '00000000-0000-0000-0000-000000000301'),
  ('00000000-0000-0000-0000-000000000902', '00000000-0000-0000-0000-000000000001', '00000000-0000-0000-0000-000000000202', 'task', '새 스토리 할당', 'PM 코어 테이블 스토리가 할당되었습니다.', false, 'story', '00000000-0000-0000-0000-000000000505'),
  ('00000000-0000-0000-0000-000000000903', '00000000-0000-0000-0000-000000000001', '00000000-0000-0000-0000-000000000203', 'memo', '새 메모', 'Supabase 연동 확인 메모가 작성되었습니다.', true, 'memo', '00000000-0000-0000-0000-000000000701'),
  ('00000000-0000-0000-0000-000000000904', '00000000-0000-0000-0000-000000000001', '00000000-0000-0000-0000-000000000203', 'review', 'QA 요청', 'DB 스키마 확정 메모에 APPROVE가 달렸습니다.', true, 'memo', '00000000-0000-0000-0000-000000000702'),
  ('00000000-0000-0000-0000-000000000905', '00000000-0000-0000-0000-000000000001', '00000000-0000-0000-0000-000000000202', 'system', '시스템 공지', 'Sprintable Phase 0 개발이 시작되었습니다.', false, NULL, NULL)
ON CONFLICT DO NOTHING;
